num_reqs,PyTorch,triton,ascend
1.000000,0.788655,0.595684,0.581253
4.000000,0.975759,0.584075,0.583653
24.000000,3.071895,1.059699,1.061480
48.000000,5.406616,1.716092,1.700563
